"first_name","last_name","gender","age"
"Adelaide","Allston","F",65
"Mora","Greenaway","F",66
"Parry","Deinhard","M",16
"Siffre","Aubert","M",28
"Jorrie","Parbrook","F",44
"Bridie","Antal","F",17
"Cathyleen","Pencott","F",36
"Pamela","Rachuig","F",56
"Paten","Gyrgorcewicx","M",83
"Wilhelm","Karchowski","M",37
"Jeanette","Hovie","F",39
"Frederigo","Haberjam","M",53
"Calley","Ray","F",63
"Courtenay","Kohnert","F",96
"Mohandis","Chattelaine","M",27
"Julio","Treweek","M",12
"Bord","Rany","M",43
"Filbert","Klampt","M",68
"Renee","Peek","F",99
"Talbot","Hamelyn","M",16
"Angelo","Bissett","M",14
"Marianne","Tweedle","F",47
"Sheela","Strode","F",57
"Heindrick","Lorans","M",29
"Allen","Sissens","M",23
"Sonya","Dudmarsh","F",23
"Flem","Chaplain","M",79
"Alexandrina","Battista","F",75
"Geoff","Krop","M",47
"Moe","Bucke","M",69
"Jamison","Jacquemot","M",24
"Freddy","Tue","F",81
"Bennie","Kenson","M",22
"Alameda","Pattini","F",70
"Letty","Hastings","F",48
"Giralda","Delmonti","F",77
"Sammie","MacArthur","M",51
"Frannie","Ferraretto","F",51
"Carley","Sissel","F",56
"Gill","Trobey","F",19
"Cassondra","Moscone","F",80
"Aida","Almack","F",80
"Bill","O'Connel","F",59
"Larine","Danilyak","F",83
"Quentin","Pesek","M",24
"Farlay","Linklet","M",27
"Hadley","Maes","M",66
"Elsinore","Cortese","F",84
"Nickie","Manifield","M",46
"Eliza","Monan","F",78
"Levin","Steptowe","M",52
"Enrichetta","Wellbeloved","F",98
"Dotty","Hulett","F",34
"Willis","Brantzen","M",61
"Judye","Caen","F",20
"Gabbey","Brookbank","F",16
"Amelina","Pridham","F",59
"Darlleen","Prester","F",39
"Nell","Keohane","F",39
"Kaleb","Valerius","M",59
"Arlen","Scothorne","F",85
"Shena","Jantzen","F",17
"Nat","Thorp","F",76
"Abie","Wildman","M",93
"Meier","MacLure","M",37
"Alexander","Burston","M",97
"Cecilia","Manie","F",37
"Andy","Dickinson","M",78
"Nathan","Medley","M",67
"Darcey","Jencey","F",70
"Traci","Walles","F",76
"Verna","Pelham","F",44
"Raimundo","O'Lochan","M",27
"Ozzy","Burrells","M",80
"Reggy","Coryndon","M",13
"Niles","Bernucci","M",98
"Gwyneth","Westmancoat","F",84
"Alvera","Shovlar","F",19
"Linus","Gimbrett","M",81
"Anastassia","Lovekin","F",37
"Gerhardt","Lippett","M",81
"Andee","Heaford","F",100
"Geralda","Caskie","F",25
"Clara","Wigsell","F",51
"Shandra","Solano","F",86
"Dennie","Melan","F",97
"Stern","Roote","M",21
"Robb","Felder","M",15
"Maddy","Kyte","M",89
"Harlin","Betz","M",69
"Catriona","Formby","F",19
"Adina","Guiel","F",71
"Carole","Stichall","F",64
"Nickolas","Tillett","M",62
"Dill","Munnis","M",36
"Sylvia","Serrurier","F",13
"Maitilde","Mein","F",43
"Lela","Beernaert","F",76
"Miles","Donnachie","M",94
"Inness","Blackmuir","M",94
"Aleta","Mapam","F",65
"Deana","Purvess","F",47
"Tiphani","Esslement","F",97
"Francoise","Gittins","F",85
"Jamill","Stott","M",98
"Gothart","Breston","M",66
"Antonina","Klimkiewich","F",64
"Dorette","Ind","F",90
"Egor","Wedgwood","M",86
"Alisander","McNee","M",100
"Raffarty","Christofol","M",12
"Carlotta","Wilkenson","F",28
"Sancho","Edeler","M",39
"Carce","Collett","M",16
"Nelli","Pretti","F",26
"Hyatt","Deegan","M",14
"Sullivan","Christin","M",75
"Teri","Dodding","F",19
"Rickert","Paintain","M",95
"Rodolphe","Streeter","M",27
"Neala","Redwin","F",37
"Seana","Samweyes","F",78
"Kellsie","Mabbitt","F",73
"Clifford","Waryk","M",62
"Bill","Jager","M",12
"Kelsi","De Biasio","F",15
"Rodolfo","Laughlin","M",75
"Randolph","Sothcott","M",90
"Eustacia","Berriball","F",20
"Granger","Jenton","M",14
"Jammie","Mustin","F",45
"Nowell","Bourdice","M",44
"Silvain","Andrini","M",97
"Iorgo","Becerro","M",46
"Hill","Rowling","M",53
"Ervin","Wadham","M",64
"Raine","Stride","F",75
"Emelen","Ault","M",61
"Hyacinthie","Allder","F",46
"Adair","Lofting","M",84
"Ree","Cromly","F",16
"Alexandro","Blazej","M",19
"Bradan","Eakley","M",82
"Ferd","Bodycombe","M",21
"Ilka","Blackmore","F",50
"Judye","Margetts","F",12
"Beckie","Maclaine","F",66
"Mahalia","Defty","F",22
"Sherm","Blennerhassett","M",17
"Cal","Dungay","F",69
"Leoine","Tanser","F",35
"Brodie","Jozsef","M",56
"Carling","Parfrey","M",63
"Jim","Guare","M",76
"Beilul","Cuchey","F",31
"Janette","Arnholz","F",16
"Glyn","Langlands","F",23
"Ellwood","Yatman","M",74
"Babette","Yannikov","F",12
"Anallise","Taplow","F",79
"Win","Eddisford","M",39
"Quinlan","Tantum","M",54
"Malvina","Biscomb","F",25
"Victor","Boscher","M",69
"Grace","Loveguard","M",48
"Putnam","Wesley","M",40
"Katerina","Cassimer","F",34
"Tamara","Freire","F",99
"Katy","Bryceson","F",51
"Suzanne","Inkster","F",98
"Rosemaria","Melpuss","F",90
"Isac","Piesold","M",20
"Nappy","Braben","M",82
"Leonidas","Toffano","M",59
"Kori","Mazzei","F",78
"Amerigo","Slidders","M",55
"Othella","Liston","F",95
"Alvis","Carmen","M",64
"Carlos","Gunston","M",50
"Karil","Lumsdaine","F",43
"Rosana","Presnall","F",66
"Elly","Devil","F",99
"Winston","Shotbolt","M",39
"Sylvester","Longson","M",86
"Damara","Sancho","F",79
"Devinne","Bruneau","F",16
"Cass","Bison","M",88
"Darice","Cardozo","F",31
"Bren","De Domenico","F",69
"Daven","Ruppele","M",90
"Zorina","Pointer","F",58
"Cordie","O'Loghlen","M",73
"Townie","Maisey","M",18
"Kenton","Challes","M",90
"Avivah","Malacrida","F",52
"Tallou","Nunan","F",62
"Mollee","Couronne","F",50
"Isabel","Realy","F",60
"Robbi","Kropach","F",22
"Daile","Oswald","F",87
"Fair","Skiggs","M",92
"Dominic","Crudginton","M",32
"Goraud","Wellbank","M",68
"Winfield","Broomhead","M",73
"Lenard","Lawlor","M",86
"Edlin","Muzzollo","M",29
"Jedidiah","Velasquez","M",34
"Bevon","Ruger","M",37
"Evonne","Djorvic","F",46
"Reine","Norrey","F",91
"Kristofor","Culp","M",41
"Orren","Grimbaldeston","M",17
"Forester","Spinola","M",16
"Elfreda","Brockelsby","F",63
"Eliot","Wringe","M",66
"Amargo","Hansemann","F",89
"Ola","Cosley","F",59
"Lexi","Kenewell","F",86
"Dania","Fiddeman","F",50
"Kial","Camamile","F",42
"Ellery","Kirkhouse","M",89
"Lilllie","Bulley","F",49
"Aeriel","Rehm","F",84
"Hildegarde","Dreher","F",59
"Rodrigo","O'Gormally","M",56
"Lydia","Lucy","F",56
"Trent","Fould","M",30
"Everett","Cruickshank","M",73
"Lucio","Bassil","M",88
"Jabez","Dummigan","M",23
"Meredith","Bottby","M",52
"Julian","Font","M",82
"Lebbie","Woolerton","F",91
"Regan","Corballis","M",24
"Carter","Lonie","M",89
"Isobel","Grieveson","F",40
"Gill","O'Fihily","F",24
"Seward","Strotton","M",45
"Elfrieda","Micco","F",100
"Kare","Aldine","F",59
"Masha","Chestnut","F",17
"Vincent","Darnbrook","M",29
"Beltran","Suffe","M",33
"Sisely","Speed","F",78
"Whit","Lazell","M",48
"Rance","Demer","M",89
"Imogene","Farnes","F",92
"Rubie","Milch","F",98
"Gerik","Saggs","M",94
"Joann","Kearey","F",93
"Crichton","Penny","M",13
"Augusto","Galvin","M",82
"Penny","Siuda","M",82
"Mavra","Dwyer","F",49
"Humfrey","Stive","M",14
"Netty","Sherwin","F",70
"Kearney","Cheese","M",60
"Gaylene","Joe","F",24
"Walker","Gilmour","M",13
"Genvieve","Klimke","F",61
"Durand","Keough","M",16
"Corrina","Zuanazzi","F",88
"Samantha","Halahan","F",40
"Candra","Grzelewski","F",42
"Fionna","Pattington","F",97
"Barry","Milburn","F",51
"Evania","Phonix","F",35
"Tove","McIlroy","F",13
"Etienne","Souley","M",95
"Erik","Tembey","M",29
"Lewiss","Tams","M",33
"Rafaela","Bromidge","F",99
"Brewer","Tarpey","M",37
"Jard","Balsdone","M",74
"Ursa","Spelling","F",46
"Jeanine","Kaubisch","F",34
"Thom","Ainge","M",42
"Eadmund","Jancik","M",49
"Farr","Dast","M",59
"Galen","Lydon","M",65
"Yancey","Maude","M",24
"Bartolomeo","Morrilly","M",96
"Tobe","Brobeck","M",51
"Ingar","Bartoleyn","M",79
"Kasper","Braybrook","M",30
"Sharron","Heeran","F",80
"Lenka","Vaz","F",82
"Care","Karolowski","M",86
"Derwin","Vanin","M",69
"Kelcie","Croxford","F",90
"Tris","Lubman","M",50
"Christian","Dingate","M",39
"Tallie","Checketts","M",18
"Shermie","Bacon","M",34
"Mignon","McDoual","F",96
"Jana","Sikorsky","F",14
"Debi","Birdis","F",98
"Melina","Traise","F",89
"Querida","Stearnes","F",21
"Valencia","Luckham","F",35
"Kirby","Londsdale","F",100
"Joceline","Antoszewski","F",14
"Manfred","Pattullo","M",15
"Kelbee","Ewenson","M",58
"Stuart","Halwell","M",35
"Garwin","Geare","M",48
"Gabie","Kleynermans","F",15
"Nicky","Matyugin","F",76
"Wren","Tremblot","F",27
"Jo-anne","Rickhuss","F",69
"Cobbie","McKern","M",34
"Sly","Fenners","M",57
"Aile","Mangion","F",81
"Fabien","Durber","M",40
"Quintin","Westgarth","M",72
"Deanna","Neary","F",78
"Prentiss","Iannazzi","M",52
"Berna","Horley","F",46
"Rosamund","Shillinglaw","F",67
"Kathie","Jindra","F",73
"Germaine","Arnault","M",49
"Walther","Daingerfield","M",54
"Agosto","Ridesdale","M",47
"Stearne","Reinard","M",15
"Maximo","Auchterlony","M",71
"Gunther","Lock","M",73
"Kalinda","Abdey","F",83
"Kelley","Brearty","F",83
"Hastings","Stockman","M",33
"Filmore","Wilcocke","M",30
"Kathie","Leggett","F",15
"Cassandre","Augustine","F",92
"Quinn","Smallacombe","M",44
"Elianore","Emmins","F",85
"Jarret","Thurby","M",73
"Vonny","Detloff","F",62
"Kennan","Bafford","M",41
"Mahalia","Argyle","F",90
"Jan","Symcock","M",78
"Gertrudis","Danilewicz","F",37
"Betsy","Coakley","F",68
"Thedrick","Joynes","M",70
"Winifred","Amsden","F",81
"Bobinette","Konig","F",52
"Maxwell","Larmuth","M",64
"Dani","Conkay","M",54
"Doralia","Hazelgrove","F",16
"Zandra","Southworth","F",53
"Patience","Rodden","F",49
"Andrey","Iddison","M",93
"Ebba","Dozdill","F",81
"Victoir","Bellard","M",86
"Hunt","Burril","M",43
"Clevey","Carrol","M",63
"Willy","Assante","M",62
"Saidee","Lambdean","F",100
"Lesley","Davage","M",69
"Park","Wigg","M",82
"Kara-lynn","Sidsaff","F",80
"Bev","Biagi","M",39
"Murry","Frankcombe","M",20
"Suzann","Cattenach","F",88
"Gordan","Kobiela","M",96
"Dulcie","Skeates","F",92
"Konstance","Jinkinson","F",13
"Gerardo","Rawe","M",85
"Lenora","Orts","F",65
"Noam","Lindman","M",90
"Ursa","Paridge","F",85
"Curt","Saddleton","M",30
"Michael","Millar","M",16
"Gerry","Ford","F",74
"Addy","Goseling","M",91
"Kayne","Goodban","M",21
"Daisie","Guiness","F",58
"Thatcher","Finlayson","M",60
"Rudd","Grinsted","M",52
"Constancia","Pomphrey","F",36
"Antonina","Littleover","F",66
"Tildie","Jahnke","F",52
"Myrtle","Yitshak","F",49
"Tiena","Campling","F",67
"Rebbecca","Ovitz","F",49
"Emmalynn","Yurocjhin","F",53
"Lira","Carloni","F",32
"Irvin","Doonican","M",12
"Blondell","Kruger","F",74
"Yovonnda","Hartburn","F",23
"Gabie","Seear","F",77
"Briny","Garrold","F",62
"Lennie","Brattell","M",80
"Quincy","Mew","M",23
"Sibella","Collingridge","F",49
"Bidget","Barnwall","F",19
"Margarete","Curror","F",56
"Lory","Wincer","F",49
"Kayne","Fullicks","M",97
"Lilah","Koomar","F",56
"Natka","Korneichik","F",65
"Oby","Mendes","M",83
"Polly","Bartosik","F",32
"Tiphanie","Antognetti","F",40
"Madelon","Arunowicz","F",97
"Elizabeth","Pierpoint","F",87
"Esteban","Trayhorn","M",66
"Tirrell","Tomei","M",34
"Desi","Cisneros","M",68
"Rikki","Verissimo","M",15
"Stacee","Greave","F",15
"Howard","Graundisson","M",96
"Modestine","Vinter","F",19
"Egor","Lippiatt","M",56
"Lonnie","Scone","F",70
"Jozef","Blythe","M",32
"Bellina","Kenset","F",44
"Cy","O'Loghlen","M",60
"Innis","Trevallion","M",83
"Russell","Bugdall","M",20
"Norry","Najara","M",95
"Justin","Scarf","M",20
"Doug","Roycroft","M",21
"Reina","Hebbron","F",30
"Barrie","Milbourne","F",45
"Maurene","Hullyer","F",95
"Jeff","Smithson","M",86
"Kelsey","Dyne","F",80
"Chrissie","Lawerence","M",72
"Nannette","Greenlees","F",73
"Saunder","Harrill","M",46
"Kearney","Featherby","M",88
"Rolph","Joburn","M",76
"Audra","Paget","F",21
"Noel","Manicom","M",97
"Janice","Shubotham","F",32
"Silvie","Younghusband","F",46
"Shelby","Timby","M",37
"Morgen","Dollar","M",83
"Steve","Bellelli","M",19
"Filmore","Jindrak","M",85
"Eddie","Ast","M",54
"Blondie","Burkin","F",15
"Mignon","Putman","F",12
"Borden","Gubbins","M",74
"Harris","Beardsall","M",58
"Danya","Sole","F",56
"Allianora","Botting","F",62
"Sidonnie","Smiley","F",56
"Aleksandr","Geach","M",42
"Katie","Philimore","F",18
"Illa","Kohnemann","F",95
"Bev","Spencelayh","F",99
"Myrta","Bickle","F",19
"Hewe","Bartosiak","M",93
"Rowan","Dracey","M",57
"Robbi","Librey","F",97
"Clim","Fennelly","M",71
"Jeanna","Ranken","F",84
"Efren","Lochrie","M",98
"Kirk","Lumsdon","M",44
"Sioux","Bulfield","F",80
"Elana","Eastridge","F",33
"Bailey","Diggons","M",16
"Bathsheba","Gammel","F",94
"Clementine","Garnsworth","F",65
"Brig","Ziem","M",60
"Elbertina","Dugmore","F",23
"Trula","Kunneke","F",82
"Basilio","Rigardeau","M",90
"Domenico","Stathers","M",43
"Godwin","Crathern","M",87
"Artemas","Stanford","M",75
"Rosalinde","Goly","F",20
"Vaughan","Duggen","M",67
"Karia","Imesen","F",16
"Licha","Prandi","F",86
"Arlen","Baurerich","M",69
"Philippe","Allberry","F",98
"Concettina","Skerme","F",69
"Luisa","Burnapp","F",35
"Rhodie","Towey","F",25
"Roldan","Kivlehan","M",88
"Tasia","Sebrens","F",54
"Courtnay","Littlepage","M",14
"Sibella","Livingston","F",94
"Nathan","Boycott","M",35
"Doug","Mc Meekin","M",61
"Shirlene","Corlett","F",94
"Anabella","Minithorpe","F",73
"Isa","Vaughten","F",13
"Brett","Maddrell","M",62
"Fayth","Hale","F",85
"Micaela","Twinborne","F",61
"Floria","Bester","F",92
"Taber","Tolossi","M",94
"Hebert","Boule","M",76
"Conney","Wyldbore","M",87
"Samaria","Tyrwhitt","F",44
"Boris","MacCorkell","M",21
"Demetri","Mocker","M",59
"Fernando","Ridgedell","M",65
"Cully","Blatchford","M",47
"Reeta","Boxer","F",38
"Sandi","Ovell","F",12
"Jerrine","Tassell","F",65
"Gardiner","Veighey","M",54
"Lishe","Warmington","F",77
"Lev","Sirman","M",62
"Anallise","Fetherby","F",88
"Marv","Capitano","M",35
"Eward","Valde","M",100
"Dorrie","Paskin","F",96
"Alys","Garett","F",78
"Robert","Yusupov","M",99
"Lars","Redwall","M",16
"Alejandro","Ousby","M",73
"Valencia","Larmor","F",41
"Dode","Haggerwood","F",62
"Ram","Matcham","M",96
"Karla","Oattes","F",46
"Murray","Marishenko","M",79
"Saw","Bellamy","M",70
"Geneva","Cleveland","F",87
"Kelsey","Cumbers","M",78
"Boony","Scryne","M",44
"Edeline","Mildner","F",63
"Ertha","McAuslene","F",57
"Flynn","Pavlitschek","M",64
"Veronike","Ceyssen","F",98
"Zacharia","Uzelli","M",44
"Natale","Asher","M",77
"Pamella","Longstaffe","F",94
"Moritz","Szymonwicz","M",26
"Glennie","Grelik","F",98
"Aubine","Zaniolini","F",69
"Arline","Le Leu","F",67
"Teodorico","Torel","M",93
"Darnall","Rhyme","M",12
"Frazer","Yushankin","M",46
"Jennifer","Abbs","F",29
"Vail","Adolfsen","M",72
"Chad","Gladdin","M",60
"Minetta","Robens","F",58
"Lilly","Twelves","F",20
"Lucius","Humber","M",36
"Julia","Whiteland","F",40
"Stearne","Hurd","M",77
"Griffith","Allmark","M",23
"Arlin","Kenwrick","M",44
"Andrea","Felten","M",84
"Gilbertina","Gaspar","F",20
"Nan","Mathieu","F",41
"Eugene","McErlaine","M",87
"Barde","Bettley","M",84
"Joanie","Bramwell","F",59
"Dominic","Schwandt","M",28
"Sidnee","Mathieson","M",54
"Channa","Quested","F",46
"Maiga","Krysiak","F",40
"Gardiner","Balazot","M",38
"Roby","Liddon","F",95
"Cherish","Ablott","F",96
"Tracee","Gosz","F",46
"Sibby","Vannozzii","F",16
"Ring","Timewell","M",14
"Vale","Spadari","M",48
"Rasla","Delucia","F",59
"Hakim","Brislen","M",35
"Ara","Colclough","F",41
"Rickert","Foister","M",64
"Nap","Butterfill","M",66
"Amory","Whiles","M",19
"Margie","Gherarducci","F",42
"Charla","Pearlman","F",61
"Iain","Double","M",86
"Jessamyn","Macewan","F",64
"Calypso","Winskill","F",36
"Etan","Heppenspall","M",69
"Carma","Pippin","F",12
"Edgard","Phalp","M",17
"Terence","Mathon","M",14
"Cammy","Lowy","M",98
"Andie","Henrichsen","F",76
"Erna","Lanktree","F",33
"Odey","Maciocia","M",37
"Nettie","Kinkaid","F",48
"Trace","Ivashnyov","M",73
"Constancy","Redmond","F",58
"Crystie","Elcoate","F",14
"Rodney","Origan","M",48
"Louisa","Hanton","F",100
"Ara","Caswall","F",52
"Hayyim","Ruppert","M",44
"Maura","Biggen","F",77
"Lucais","Lenahan","M",59
"Laughton","Malinowski","M",25
"Merilee","De Beauchamp","F",78
"Bibi","Danford","F",80
"Jud","Schrei","M",87
"Ciro","Hardwell","M",63
"Marijn","MacVagh","M",39
"Eb","Bonifacio","M",56
"Lek","Ferrers","M",22
"Arman","Laurenty","M",39
"Martita","Keppy","F",86
"Ximenez","Middis","M",13
"Brewer","Boolsen","M",22
"Oren","Weatherell","M",91
"Kevina","Urling","F",63
"Locke","Hitchens","M",26
"Mick","Morcom","M",17
"Helaine","Orrett","F",13
"Derril","Dixsee","M",57
"Fancie","Leacy","F",24
"Tootsie","Siley","F",18
"Siward","Charpin","M",77
"Marcel","Lindmark","M",60
"Rutger","Goddman","M",12
"Mireille","Earl","F",39
"Arlen","Brightling","M",82
"Fawnia","Mackness","F",57
"Mychal","Sproson","M",57
"Piotr","Igoe","M",75
"Augustine","Sanford","M",87
"Rudolph","Bettesworth","M",40
"Ajay","Bonnar","F",16
"Sheela","Le Lievre","F",15
"Jasper","Ireland","M",68
"Alic","Kurtis","M",79
"Tania","Brunnstein","F",96
"Wye","Aery","M",30
"Mia","McFeat","F",100
"Osborn","Dance","M",94
"Calhoun","Dudny","M",15
"Mervin","Checcuzzi","M",27
"Xenos","Burlingame","M",65
"Krystalle","Fife","F",100
"Sloan","Tilby","M",35
"Paulette","Fyall","F",47
"Valerye","Sagerson","F",80
"Salvador","Ivanilov","M",20
"Bride","Lere","F",48
"Logan","Billiard","M",73
"Alvis","Yitzhak","M",78
"Faythe","Maraga","F",50
"Malory","Ahren","F",58
"Ingamar","Duffield","M",45
"Cassondra","Aron","F",12
"Justino","Allam","M",57
"Mufinella","O'Cleary","F",42
"Wynn","Dewing","F",49
"Brigg","Gorvette","M",94
"Aggie","McClintock","F",56
"Tierney","Demanche","F",80
"Asher","Balden","M",73
"Owen","Ambrozik","M",33
"Ellsworth","Cyster","M",29
"Ellynn","Pennazzi","F",67
"Krystalle","Houseman","F",48
"Lissie","Medmore","F",87
"Ker","Presswell","M",38
"Lyndsie","Shenton","F",76
"Wye","Schuelcke","M",69
"Aguistin","Mac Giany","M",18
"Mycah","Tinson","M",21
"Jori","Liddall","F",33
"Thornie","Feragh","M",68
"Kaela","Becker","F",64
"Merrielle","Ziehms","F",21
"Wes","Dy","M",36
"Hamlen","Dearell","M",34
"Kit","Dadley","F",21
"Irving","Simondson","M",21
"Kim","Duester","F",77
"Peter","Zack","M",38
"Maddi","Hailston","F",72
"Cassie","Sever","F",47
"Lucais","McKibben","M",74
"Abran","Parncutt","M",99
"Zonnya","Scullard","F",28
"Thorny","Rugge","M",92
"Pris","Caverhill","F",56
"Olva","Shyres","F",20
"Shelli","Michelle","F",12
"Julius","Benjafield","M",17
"Fawn","Stroud","F",13
"Eward","Brauninger","M",90
"Giles","Dowtry","M",70
"Ethelind","Ducker","F",31
"Lazar","Blethyn","M",85
"Latrena","Jammet","F",79
"Lil","Caroline","F",38
"Birch","Lody","M",84
"Hewet","Antill","M",72
"Martainn","Mabley","M",51
"Benjy","Whisson","M",20
"Saw","MacDuff","M",26
"Aldwin","Luney","M",50
"Matelda","McWilliams","F",31
"Hillard","Cosgrove","M",70
"Flora","Duding","F",73
"Kincaid","Beadnell","M",95
"Homerus","Sofe","M",47
"Giustina","Draijer","F",13
"Holly","Bohje","M",72
"Dominica","Ibotson","F",34
"Ellsworth","McCooke","M",17
"Kellen","Fluger","M",33
"Gerry","Tuft","M",12
"Clyve","Sawdy","M",99
"Sukey","De Ortega","F",48
"Kristy","Mechell","F",63
"Willamina","Rosterne","F",69
"Costanza","Challener","F",97
"Gan","Bilovus","M",20
"Curt","Bartolomieu","M",13
"Marcelle","Wiggans","F",69
"Suzie","Swannell","F",35
"Nicolais","Goodlett","M",56
"Aubrey","Wint","F",70
"Angus","Frosch","M",12
"Guinevere","Vedyaev","F",15
"Ofella","Mussotti","F",95
"Bernie","Kiddle","M",35
"Esteban","Arbor","M",69
"Griffie","Swiffen","M",67
"Mal","Wayon","M",68
"Hurley","Giacomuzzo","M",84
"Nert","Ridout","F",45
"Fair","Crocken","M",97
"Grady","Valerio","M",62
"Erasmus","Stranio","M",95
"Graehme","Brahmer","M",36
"Nanci","Gaiger","F",27
"Tiffi","Maitland","F",49
"Tarrance","Adamski","M",37
"Massimiliano","Willison","M",19
"Ebba","Dreelan","F",49
"Anetta","Garwood","F",31
"Gian","Gornal","M",19
"Nathanael","Wickstead","M",73
"Gabbie","Such","F",37
"Nelli","Fawks","F",36
"Thorvald","Mc Mechan","M",44
"Terry","Ainge","M",18
"Kylila","Boner","F",33
"Nestor","Grene","M",100
"Latrina","Koschke","F",13
"Jarad","Whicher","M",58
"Aylmar","Peckitt","M",70
"Bevan","Bourges","M",42
"Tremain","Drissell","M",40
"Beverlie","Roof","F",54
"Oralia","Folan","F",62
"Shanna","Chaters","F",41
"Roger","Danbye","M",36
"Celisse","Lampe","F",54
"Jerrine","Langstrath","F",30
"Marney","Losseljong","F",50
"Jory","Reaveley","M",47
"Hali","Hooban","F",22
"Westleigh","Breckell","M",71
"Corty","Canning","M",60
"Deloria","Crackett","F",96
"Dniren","Giveen","F",31
"Omar","Milburne","M",97
"Keefe","Dillicate","M",82
"Urson","Mundall","M",97
"Kassandra","Crathorne","F",38
"Jody","Chiddy","M",93
"Brandie","St. John","F",73
"Alidia","Polamontayne","F",15
"Kellen","Clendening","F",58
"Corrie","Bracknall","M",68
"Merle","Kleuer","M",52
"Nataline","Pellew","F",73
"Nikola","Pagram","M",36
"Willey","McMurtyr","M",94
"Ophelie","Kristufek","F",52
"Ruy","Polet","M",58
"Tamas","Downton","M",68
"Cordy","Hulland","F",70
"Quinta","Pau","F",86
"Licha","Aldrich","F",30
"Roberta","Walhedd","F",13
"Pinchas","Draisey","M",31
"Ewell","Brenneke","M",77
"Virginie","Klimkin","F",95
"Evangelin","Wyness","F",62
"Jose","Tivenan","M",84
"Goddard","Girkins","M",52
"Rhodie","Niave","F",20
"Antonio","Saben","M",51
"Flossy","Ernshaw","F",28
"Inglis","Mechell","M",47
"Gwen","Pogg","F",32
"Ferdie","Underhill","M",44
"Cara","Brugmann","F",61
"Daphene","Sappson","F",62
"Stesha","Hartshorne","F",98
"Dolly","Ostrich","F",38
"Reagan","Dimitriou","M",55
"Elysia","Grassin","F",61
"Leela","Zaniolo","F",40
"Carissa","Marvin","F",55
"Wallas","Clausen","M",30
"Sindee","Dyerson","F",54
"Traver","Saveall","M",52
"Nigel","Harradence","M",46
"Skipper","Parratt","M",55
"Ronnie","Humpatch","M",62
"Tawsha","Lendrem","F",99
"Brew","Jansson","M",89
"Aldis","Patley","M",50
"Shanta","Cawker","F",12
"Lance","Klimashevich","M",84
"Adriaens","Rowlands","F",47
"Jaquenette","Tregent","F",98
"Hedwig","Kohrs","F",26
"Berrie","Brayford","F",73
"Lissi","Riste","F",81
"Elvira","Billyard","F",26
"Cherianne","Grennan","F",14
"Rad","Buckby","M",49
"Kathie","Nissle","F",70
"Ahmed","Earlam","M",28
"Ogdon","Snawden","M",44
"Dunstan","Morpeth","M",54
"Viole","O'Regan","F",14
"Austen","Newart","M",89
"Sutherlan","Palmer","M",22
"Jedediah","DeSousa","M",39
"Carlynn","Brennon","F",22
"Faustine","Niblett","F",33
"Leopold","Lukasik","M",89
"Maxwell","Britt","M",100
"Almire","Langwade","F",97
"Gypsy","Saltsberg","F",32
"Goddard","Cowdry","M",87
"Sarine","Fresson","F",33
"Sigfried","Fyldes","M",91
"Blane","Riccione","M",54
"Modestia","Dundredge","F",40
"Tabbitha","Fossitt","F",66
"Emlynne","Brookfield","F",50
"Briano","Spelman","M",70
"Vince","Bilbrey","M",72
"Ardith","Cullon","F",35
"Manfred","Ricarde","M",44
"Bradney","Flatte","M",18
"Samson","Tomkies","M",46
"Marice","Rawood","F",80
"Bucky","Brandin","M",89
"Loni","Bottomore","F",46
"Salem","Minchenton","M",77
"Wenda","Foker","F",35
"Norrie","O' Bee","F",67
"Carleen","Pilbury","F",67
"Althea","Gadd","F",46
"Gaylord","Anthona","M",77
"Gina","Collen","F",91
"Cammie","Janda","F",100
"Marven","Whodcoat","M",73
"Bevan","Rickardsson","M",15
"Lisa","Henden","F",91
"Paolina","Brose","F",14
"Deane","Tellenbroker","F",29
"Julieta","Henfre","F",98
"Alissa","Gover","F",42
"Morley","Abatelli","M",98
"Minerva","Bittlestone","F",59
"Billie","Robrose","M",17
"Milt","Philippe","M",27
"Kareem","Causon","M",15
"Darill","Reddihough","M",100
"Theo","Pragnell","M",40
"Tana","Caley","F",91
"Marge","Staley","F",63
"Bernardina","Teese","F",82
"Giffy","Affron","M",77
"Estelle","Weildish","F",17
"Peri","Bickerstaff","F",51
"Lisbeth","Byrcher","F",36
"Maddie","Renfrew","M",56
"Waldon","Bohea","M",26
"Haze","Dimitrescu","M",32
"Adair","Loughhead","M",81
"Marietta","Ankrett","M",89
"Ryan","Habbijam","M",90
"Barthel","Sustins","M",85
"Doralynn","Dunbobbin","F",55
"Werner","Hadfield","M",100
"Delano","Madoc-Jones","M",93
"Garik","Cambden","M",88
"Angel","Griffin","F",12
"Elianora","Kayzer","F",48
"Larine","Allawy","F",30
"Javier","Seery","M",34
"Isidro","Rawlings","M",63
"Shawn","Sabbins","F",47
"Kale","Ludgrove","M",36
"Marysa","Ebden","F",13
"Bobbi","Ferrotti","F",15
"Marshall","Haberjam","M",92
"Loella","Daldan","F",15
"Johanna","Petrussi","F",54
"Ava","Dumbar","F",70
"Devy","Oleszkiewicz","M",67
"Horatio","Krystof","M",67
"Arron","Geram","M",38
"Jake","Kleinerman","M",54
"Dannie","Alderman","F",87
"Clywd","De la Yglesias","M",70
"Larissa","Westman","F",81
"Morgan","Nurny","M",22
"Zachariah","Petrosian","M",65
"Albertina","Badgers","F",38
"Chrisse","Haresnape","M",27
"Reeta","Satterley","F",81
"Suzie","Tompkins","F",72
"Merlina","Trengove","F",56
"Jocelin","Parysiak","F",44
"Emory","Pau","M",24
"Evaleen","Meachan","F",53
"Frasquito","Morando","M",48
"Agosto","Titmus","M",12
"Guillaume","Grimditch","M",37
"Cher","Nelthorpe","F",38
"Peterus","Tillyer","M",63
"Kasper","Varlow","M",60
"Krishna","Dowry","M",89
"Zola","Gadault","F",17
"Gabriela","Toffanelli","F",88
"Talya","Misselbrook","F",28
"Annnora","Canada","F",99
"Jennine","Cornall","F",43
"Dollie","Plomer","F",95
"Sioux","Landell","F",68
"Modestine","Arnaud","F",22
"Consalve","Kenworth","M",47
"Mack","Allner","M",21
"Betsey","Ciccottio","F",26
"Bev","Churches","M",45
"Shirleen","Stacy","F",88
"Tiphani","Squelch","F",72
"Killy","Pinkney","M",81
"Orel","Serck","F",40
"Sileas","Matuszynski","F",50
"Ninnette","Fisher","F",37
"Carlos","Olivi","M",32
"Goddart","McLaughlin","M",12
"Irvin","Maffei","M",88
"Dorey","McConigal","M",34
"Donny","Friend","M",26
"Anabal","Lennie","F",86
"Mozes","Espino","M",93
"Aryn","Duffield","F",96
"Nial","Duffield","M",88
"Lodovico","Hickeringill","M",20
"Celinka","Burry","F",96
"Ted","Everest","F",27
"Paulita","Cann","F",99
"Tabitha","Timoney","F",100
"Reece","Pencott","M",73
"Chanda","Brisson","F",35
"Wald","Forton","M",37
"Sheffie","Dow","M",51
"Beverley","Cousans","F",36
"Richie","Mapholm","M",36
"Toinette","Cabral","F",15
"Nicol","Faire","F",91
"Isabeau","Griffe","F",57
"Ermin","Collingwood","M",92
"Yevette","Oglesbee","F",91
"Deloris","Pimbley","F",53
"Nedi","Quinnet","F",73
"Ebeneser","Saville","M",83
"Enrika","Donnellan","F",13
"Lucine","Willbourne","F",54
"Oliver","Eads","M",83
"Fay","Domenget","F",46
"Whit","Pryor","M",67
"Turner","Tracy","M",80
"Ivan","Burrett","M",91
"Julianne","Geldeard","F",35
"Marline","Dunseath","F",40
"Pedro","Joannidi","M",21
"Teressa","Duckinfield","F",39
"Micheil","Stegel","M",53
"Aurelie","Weadick","F",21
"Kayne","Barukh","M",29
"Pietro","Kuban","M",95
"Jaime","Browett","M",75
"Ephrem","Rankin","M",25
"Nefen","Roycroft","M",34
"Halette","Beverstock","F",72
"Karee","Haggidon","F",28
"Codee","McLay","F",99
"Gabey","Broscombe","F",16
"Vannie","Flury","F",55
"Maurie","Cunnington","M",66
